vacc_prop,y
0,0.3644674428633031
0.2,0.3484260457093575
0.4,0.30625269512721
0.6,0.26364812419146183
0.8,0.23889607589478223
1,0.22095730918499354
