vacc_prop,y
0,0.3899094437257439
0.2,0.38499353169469597
0.4,0.3762828805519621
0.6,0.36817593790426906
0.8,0.364381198792583
1,0.3634325140146615
